num_of_topics,coherence_values
1,0.22952398556202852
2,0.2785675576689853
3,0.30708680389143345
4,0.28287805878263494
5,0.26416593631026003
6,0.27981282613334146
7,0.3143073327316812
8,0.324072214207555
9,0.30275476034817433
10,0.31740687793120415
